ingredient_id,index
0,0
1,1
3,2
4,3
5,4
7,5
9,6
10,7
11,8
12,9
13,10
15,11
16,12
17,13
18,14
19,15
20,16
22,17
23,18
24,19
25,20
26,21
27,22
28,23
29,24
30,25
31,26
32,27
33,28
34,29
35,30
36,31
37,32
38,33
44,36
45,37
46,38
47,39
49,40
50,41
51,42
52,43
53,44
54,45
55,46
56,47
57,48
58,49
59,50
60,51
61,52
62,53
63,54
64,55
65,56
66,57
67,58
68,59
69,60
70,61
71,62
72,63
73,64
74,65
76,67
77,68
78,69
79,70
80,71
81,72
82,73
83,74
84,75
85,76
86,77
87,78
88,79
89,80
90,81
91,82
92,83
93,84
94,85
95,86
97,88
98,89
99,90
101,92
102,93
103,94
104,95
105,96
106,97
107,98
108,99
110,100
111,101
112,102
113,103
114,104
115,105
116,106
117,107
118,108
119,109
124,114
125,115
126,116
127,117
128,118
129,119
130,120
131,121
132,122
133,123
134,124
135,125
136,126
137,127
138,128
139,129
140,130
141,131
142,132
143,133
144,134
145,135
146,136
147,137
148,138
149,139
151,141
152,142
153,143
154,144
155,145
156,146
157,147
158,148
160,150
161,151
162,152
163,153
164,154
165,155
166,156
168,158
169,159
170,160
171,161
172,162
173,163
174,164
175,165
176,166
178,168
179,169
180,170
181,171
182,172
185,174
186,175
187,176
188,177
189,178
190,179
191,180
192,181
193,182
195,184
196,185
197,186
198,187
199,188
201,189
202,190
203,191
204,192
205,193
206,194
207,195
208,196
210,197
211,198
213,199
214,200
215,201
216,202
217,203
218,204
219,205
220,206
221,207
222,208
223,209
224,210
225,211
226,212
227,213
228,214
229,215
230,216
231,217
232,218
233,219
234,220
235,221
236,222
237,223
238,224
239,225
240,226
241,227
242,228
243,229
244,230
245,231
246,232
247,233
248,234
249,235
250,236
251,237
252,238
253,239
254,240
255,241
256,242
257,243
258,244
259,245
260,246
264,249
265,250
266,251
267,252
268,253
269,254
270,255
271,256
272,257
273,258
274,259
275,260
276,261
277,262
279,263
280,264
281,265
282,266
283,267
284,268
285,269
286,270
287,271
288,272
289,273
290,274
291,275
292,276
294,277
295,278
296,279
298,280
299,281
300,282
301,283
302,284
303,285
304,286
305,287
306,288
307,289
308,290
309,291
310,292
312,294
313,295
314,296
316,297
317,298
319,299
320,300
321,301
322,302
323,303
324,304
325,305
326,306
327,307
328,308
329,309
330,310
331,311
332,312
333,313
334,314
335,315
336,316
337,317
339,318
340,319
341,320
342,321
343,322
344,323
345,324
346,325
347,326
348,327
349,328
350,329
351,330
352,331
353,332
354,333
355,334
356,335
357,336
359,337
360,338
361,339
363,340
364,341
365,342
366,343
367,344
368,345
369,346
370,347
371,348
372,349
373,350
374,351
375,352
376,353
377,354
378,355
379,356
380,357
382,358
383,359
384,360
385,361
386,362
387,363
388,364
389,365
390,366
391,367
392,368
393,369
394,370
395,371
396,372
397,373
398,374
399,375
400,376
401,377
402,378
403,379
404,380
406,381
407,382
408,383
409,384
410,385
411,386
412,387
413,388
414,389
416,390
417,391
418,392
419,393
420,394
421,395
422,396
424,398
425,399
426,400
427,401
428,402
429,403
431,404
432,405
433,406
434,407
435,408
436,409
437,410
438,411
440,412
441,413
442,414
443,415
445,416
446,417
447,418
448,419
449,420
450,421
451,422
452,423
453,424
454,425
455,426
456,427
457,428
458,429
459,430
460,431
461,432
462,433
463,434
464,435
465,436
466,437
467,438
468,439
470,440
471,441
472,442
473,443
474,444
475,445
476,446
477,447
478,448
479,449
480,450
481,451
482,452
483,453
484,454
485,455
486,456
487,457
488,458
489,459
490,460
491,461
492,462
493,463
494,464
495,465
496,466
497,467
498,468
499,469
500,470
501,471
502,472
504,473
505,474
506,475
507,476
508,477
509,478
510,479
511,480
512,481
513,482
514,483
515,484
516,485
517,486
518,487
520,489
522,491
523,492
525,494
526,495
527,496
528,497
529,498
530,499
531,500
533,501
534,502
535,503
536,504
537,505
538,506
539,507
540,508
541,509
542,510
543,511
544,512
545,513
546,514
547,515
548,516
549,517
550,518
551,519
552,520
553,521
554,522
555,523
556,524
557,525
558,526
559,527
560,528
561,529
563,531
564,532
565,533
566,534
567,535
568,536
569,537
570,538
571,539
572,540
573,541
574,542
575,543
576,544
577,545
578,546
579,547
580,548
581,549
582,550
583,551
585,552
586,553
588,554
589,555
590,556
591,557
592,558
593,559
594,560
595,561
596,562
597,563
598,564
599,565
600,566
601,567
602,568
603,569
604,570
606,571
607,572
608,573
609,574
611,575
613,576
614,577
615,578
616,579
617,580
618,581
620,582
621,583
623,584
625,585
626,586
628,587
630,588
631,589
632,590
633,591
634,592
635,593
636,594
637,595
638,596
640,597
641,598
642,599
643,600
644,601
645,602
646,603
647,604
648,605
649,606
651,607
654,610
655,611
656,612
657,613
658,614
659,615
660,616
661,617
663,619
664,620
665,621
666,622
667,623
668,624
669,625
671,626
672,627
673,628
674,629
675,630
676,631
677,632
678,633
679,634
680,635
681,636
682,637
684,638
685,639
686,640
687,641
688,642
689,643
690,644
691,645
692,646
693,647
694,648
695,649
696,650
697,651
698,652
699,653
700,654
701,655
702,656
703,657
704,658
705,659
707,660
708,661
709,662
710,663
711,664
712,665
713,666
714,667
715,668
716,669
718,670
719,671
720,672
721,673
722,674
724,675
725,676
726,677
727,678
728,679
729,680
730,681
731,682
732,683
733,684
734,685
735,686
736,687
737,688
738,689
739,690
740,691
742,692
743,693
744,694
745,695
746,696
747,697
749,698
750,699
751,700
753,701
754,702
756,704
757,705
758,706
760,707
762,709
763,710
764,711
765,712
766,713
767,714
768,715
770,716
771,717
772,718
773,719
774,720
775,721
776,722
778,724
779,725
780,726
781,727
782,728
783,729
784,730
785,731
786,732
787,733
788,734
789,735
790,736
791,737
792,738
793,739
794,740
796,741
797,742
798,743
799,744
800,745
801,746
802,747
803,748
804,749
805,750
806,751
807,752
808,753
810,754
811,755
812,756
813,757
814,758
815,759
816,760
817,761
818,762
819,763
820,764
821,765
822,766
823,767
824,768
825,769
826,770
828,772
829,773
830,774
831,775
832,776
833,777
834,778
835,779
836,780
837,781
838,782
839,783
840,784
841,785
842,786
843,787
844,788
845,789
846,790
847,791
848,792
849,793
850,794
851,795
852,796
854,797
855,798
856,799
858,800
859,801
860,802
861,803
862,804
863,805
865,806
867,807
868,808
869,809
870,810
871,811
872,812
873,813
874,814
875,815
876,816
877,817
878,818
879,819
880,820
881,821
882,822
883,823
884,824
885,825
886,826
889,827
890,828
891,829
892,830
893,831
894,832
895,833
897,834
898,835
899,836
900,837
901,838
902,839
903,840
904,841
905,842
906,843
907,844
908,845
909,846
910,847
911,848
912,849
913,850
914,851
915,852
917,853
918,854
919,855
920,856
921,857
922,858
923,859
924,860
925,861
926,862
927,863
928,864
929,865
930,866
931,867
932,868
933,869
934,870
935,871
936,872
937,873
938,874
939,875
940,876
941,877
942,878
943,879
944,880
945,881
946,882
947,883
948,884
949,885
950,886
951,887
952,888
953,889
954,890
955,891
956,892
957,893
958,894
959,895
960,896
961,897
962,898
963,899
964,900
965,901
966,902
967,903
968,904
969,905
970,906
971,907
972,908
973,909
974,910
975,911
976,912
977,913
978,914
979,915
980,916
981,917
982,918
983,919
984,920
985,921
986,922
987,923
988,924
989,925
990,926
991,927
992,928
993,929
994,930
995,931
997,932
998,933
999,934
1000,935
1001,936
1002,937
1003,938
1004,939
1005,940
1006,941
1007,942
1008,943
1009,944
1010,945
1011,946
1012,947
1013,948
1014,949
1015,950
1016,951
1017,952
1018,953
1019,954
1020,955
1022,956
1023,957
1024,958
1026,959
1027,960
1028,961
1029,962
1030,963
1031,964
1032,965
1033,966
1034,967
1035,968
1036,969
1037,970
1038,971
1039,972
1040,973
1041,974
1042,975
1043,976
1044,977
1045,978
1047,979
1048,980
1049,981
1050,982
1051,983
1052,984
1053,985
1054,986
1055,987
1056,988
1057,989
1058,990
1059,991
1060,992
1061,993
1062,994
1063,995
1064,996
1065,997
1066,998
1067,999
1068,1000
1070,1002
1071,1003
1072,1004
1073,1005
1074,1006
1075,1007
1076,1008
1077,1009
1078,1010
1080,1012
1081,1013
1082,1014
1083,1015
1084,1016
1086,1017
1087,1018
1088,1019
1089,1020
1090,1021
1091,1022
1092,1023
1093,1024
1094,1025
1095,1026
1097,1027
1098,1028
1099,1029
1101,1030
1102,1031
1103,1032
1104,1033
1105,1034
1106,1035
1107,1036
1108,1037
1109,1038
1110,1039
1111,1040
1113,1042
1114,1043
1116,1045
1117,1046
1118,1047
1119,1048
1120,1049
1121,1050
1122,1051
1123,1052
1124,1053
1125,1054
1127,1055
1128,1056
1129,1057
1130,1058
1131,1059
1132,1060
1133,1061
1134,1062
1135,1063
1136,1064
1138,1066
1139,1067
1140,1068
1141,1069
1142,1070
1143,1071
1144,1072
1145,1073
1146,1074
1147,1075
1148,1076
1150,1077
1151,1078
1152,1079
1153,1080
1154,1081
1155,1082
1157,1083
1158,1084
1159,1085
1160,1086
1161,1087
1162,1088
1163,1089
1164,1090
1165,1091
1166,1092
1167,1093
1168,1094
1169,1095
1170,1096
1171,1097
1172,1098
1173,1099
1174,1100
1175,1101
1176,1102
1177,1103
1178,1104
1179,1105
1180,1106
1181,1107
1182,1108
1183,1109
1184,1110
1185,1111
1186,1112
1187,1113
1188,1114
1190,1115
1191,1116
1192,1117
1193,1118
1194,1119
1195,1120
1196,1121
1197,1122
1199,1123
1200,1124
1201,1125
1202,1126
1203,1127
1204,1128
1205,1129
1206,1130
1207,1131
1208,1132
1209,1133
1210,1134
1211,1135
1212,1136
1213,1137
1214,1138
1215,1139
1216,1140
1217,1141
1219,1142
1220,1143
1221,1144
1222,1145
1223,1146
1224,1147
1225,1148
1226,1149
1227,1150
1228,1151
1229,1152
1230,1153
1231,1154
1232,1155
1233,1156
1234,1157
1235,1158
1236,1159
1237,1160
1238,1161
1239,1162
1240,1163
1241,1164
1242,1165
1243,1166
1244,1167
1245,1168
1247,1170
1248,1171
1249,1172
1250,1173
1252,1175
1254,1176
1255,1177
1256,1178
1257,1179
1258,1180
1259,1181
1260,1182
1261,1183
1262,1184
1263,1185
1264,1186
1265,1187
1266,1188
1267,1189
1268,1190
1269,1191
1270,1192
1271,1193
1272,1194
1274,1195
1275,1196
1276,1197
1277,1198
1278,1199
1279,1200
1281,1201
1282,1202
1283,1203
1284,1204
1285,1205
1286,1206
1287,1207
1288,1208
1289,1209
1290,1210
1291,1211
1292,1212
1293,1213
1296,1214
1297,1215
1298,1216
1299,1217
1301,1219
1302,1220
1303,1221
1304,1222
1305,1223
1306,1224
1307,1225
1308,1226
1309,1227
1310,1228
1311,1229
1312,1230
1313,1231
1314,1232
1315,1233
1316,1234
1318,1236
1319,1237
1320,1238
1321,1239
1322,1240
1323,1241
1324,1242
1325,1243
1326,1244
1327,1245
1328,1246
1329,1247
1330,1248
1331,1249
1332,1250
1334,1251
1335,1252
1336,1253
1337,1254
1338,1255
1339,1256
1340,1257
1341,1258
1342,1259
1343,1260
1344,1261
1345,1262
1346,1263
1347,1264
1348,1265
1349,1266
1350,1267
1351,1268
1352,1269
1353,1270
1354,1271
1355,1272
1356,1273
1357,1274
1358,1275
1359,1276
1360,1277
1361,1278
1362,1279
1363,1280
1364,1281
1365,1282
1366,1283
1367,1284
1368,1285
1369,1286
1370,1287
1371,1288
1372,1289
1373,1290
1374,1291
1376,1292
1377,1293
1378,1294
1379,1295
1380,1296
1381,1297
1382,1298
1383,1299
1384,1300
1385,1301
1386,1302
1387,1303
1388,1304
1389,1305
1390,1306
1392,1308
1393,1309
1394,1310
1395,1311
1396,1312
1397,1313
1398,1314
1399,1315
1400,1316
1401,1317
1402,1318
1403,1319
1404,1320
1405,1321
1406,1322
1407,1323
1409,1324
1410,1325
1411,1326
1412,1327
1413,1328
1414,1329
1416,1330
1419,1331
1420,1332
1421,1333
1422,1334
1423,1335
1424,1336
1425,1337
1426,1338
1427,1339
1428,1340
1429,1341
1430,1342
1431,1343
1432,1344
1435,1345
1436,1346
1437,1347
1438,1348
1439,1349
1440,1350
1442,1352
1443,1353
1444,1354
1445,1355
1446,1356
1447,1357
1449,1359
1450,1360
1451,1361
1452,1362
1453,1363
1454,1364
1455,1365
1456,1366
1457,1367
1458,1368
1459,1369
1460,1370
1461,1371
1463,1373
1466,1375
1469,1378
1470,1379
1471,1380
1472,1381
1473,1382
1474,1383
1475,1384
1476,1385
1477,1386
1478,1387
1479,1388
1481,1389
1482,1390
1483,1391
1484,1392
1485,1393
1486,1394
1487,1395
1488,1396
1489,1397
1490,1398
1491,1399
1492,1400
1493,1401
1494,1402
1495,1403
1496,1404
1497,1405
1498,1406
1499,1407
1500,1408
1501,1409
1502,1410
1503,1411
1504,1412
1505,1413
1506,1414
1507,1415
1508,1416
1509,1417
1510,1418
1511,1419
1512,1420
1513,1421
1514,1422
1515,1423
1516,1424
1517,1425
1518,1426
1519,1427
1520,1428
1521,1429
1522,1430
1523,1431
1525,1432
1526,1433
1527,1434
1528,1435
1530,1436
1531,1437
1532,1438
1533,1439
1534,1440
1535,1441
1536,1442
1537,1443
1538,1444
1539,1445
1540,1446
1541,1447
1542,1448
1543,1449
1544,1450
1545,1451
1546,1452
1547,1453
1548,1454
1549,1455
1550,1456
1551,1457
1552,1458
1553,1459
1554,1460
1555,1461
1556,1462
1557,1463
1558,1464
1559,1465
1560,1466
1561,1467
1562,1468
1563,1469
1564,1470
1566,1471
1567,1472
1568,1473
1569,1474
1570,1475
1571,1476
1572,1477
1573,1478
1574,1479
1575,1480
1576,1481
1577,1482
1578,1483
1579,1484
1580,1485
1581,1486
1582,1487
1583,1488
1584,1489
1585,1490
1586,1491
1587,1492
1588,1493
1589,1494
1590,1495
1591,1496
1592,1497
1593,1498
1594,1499
1595,1500
1596,1501
1597,1502
1598,1503
1599,1504
1600,1505
1601,1506
1602,1507
1603,1508
1605,1509
1606,1510
1607,1511
1608,1512
1609,1513
1610,1514
1611,1515
1612,1516
1613,1517
1614,1518
1615,1519
1616,1520
1617,1521
1618,1522
1619,1523
1620,1524
1621,1525
1622,1526
1623,1527
1624,1528
1625,1529
1626,1530
1628,1532
1629,1533
1630,1534
1631,1535
1632,1536
1633,1537
1634,1538
1635,1539
1636,1540
1637,1541
1638,1542
1639,1543
1640,1544
1641,1545
1642,1546
1643,1547
1644,1548
1645,1549
1646,1550
1647,1551
1648,1552
1649,1553
1650,1554
1651,1555
1652,1556
1654,1557
1655,1558
1656,1559
1657,1560
1658,1561
1659,1562
1660,1563
1661,1564
1662,1565
1663,1566
1664,1567
1665,1568
1666,1569
1667,1570
1668,1571
1669,1572
1670,1573
1673,1574
1674,1575
1676,1576
1677,1577
1678,1578
1679,1579
1680,1580
1681,1581
1682,1582
1683,1583
1684,1584
1685,1585
1686,1586
1687,1587
1688,1588
1690,1589
1691,1590
1692,1591
1693,1592
1694,1593
1695,1594
1696,1595
1697,1596
1698,1597
1699,1598
1700,1599
1701,1600
1702,1601
1703,1602
1704,1603
1706,1604
1707,1605
1708,1606
1709,1607
1710,1608
1711,1609
1712,1610
1713,1611
1714,1612
1715,1613
1716,1614
1717,1615
1718,1616
1719,1617
1720,1618
1721,1619
1722,1620
1723,1621
1724,1622
1725,1623
1726,1624
1727,1625
1728,1626
1729,1627
1730,1628
1731,1629
1732,1630
1733,1631
1734,1632
1736,1633
1737,1634
1738,1635
1739,1636
1740,1637
1741,1638
1742,1639
1743,1640
1744,1641
1745,1642
1747,1643
1748,1644
1749,1645
1750,1646
1752,1647
1753,1648
1754,1649
1755,1650
1756,1651
1757,1652
1759,1653
1761,1654
1762,1655
1763,1656
1764,1657
1765,1658
1766,1659
1767,1660
1768,1661
1769,1662
1770,1663
1771,1664
1773,1665
1774,1666
1775,1667
1776,1668
1777,1669
1778,1670
1779,1671
1780,1672
1781,1673
1782,1674
1783,1675
1784,1676
1785,1677
1786,1678
1787,1679
1788,1680
1789,1681
1790,1682
1791,1683
1792,1684
1793,1685
1794,1686
1795,1687
1796,1688
1797,1689
1798,1690
1799,1691
1800,1692
1801,1693
1802,1694
1803,1695
1804,1696
1806,1698
1808,1699
1809,1700
1810,1701
1811,1702
1812,1703
1813,1704
1814,1705
1815,1706
1816,1707
1817,1708
1818,1709
1819,1710
1820,1711
1822,1713
1824,1715
1825,1716
1826,1717
1827,1718
1828,1719
1829,1720
1831,1722
1832,1723
1833,1724
1834,1725
1835,1726
1836,1727
1837,1728
1838,1729
1839,1730
1840,1731
1841,1732
1842,1733
1843,1734
1844,1735
1845,1736
1846,1737
1848,1738
1849,1739
1850,1740
1851,1741
1852,1742
1853,1743
1854,1744
1855,1745
1856,1746
1857,1747
1858,1748
1859,1749
1860,1750
1861,1751
1862,1752
1863,1753
1864,1754
1865,1755
1866,1756
1867,1757
1868,1758
1870,1759
1871,1760
1872,1761
1873,1762
1874,1763
1875,1764
1876,1765
1877,1766
1878,1767
1879,1768
1880,1769
1881,1770
1882,1771
1883,1772
1884,1773
1885,1774
1887,1775
1888,1776
1891,1777
1892,1778
1893,1779
1894,1780
1895,1781
1896,1782
1897,1783
1898,1784
1899,1785
1900,1786
1901,1787
1903,1788
1904,1789
1905,1790
1906,1791
1907,1792
1908,1793
1909,1794
1910,1795
1911,1796
1912,1797
1913,1798
1915,1799
1916,1800
1917,1801
1918,1802
1919,1803
1920,1804
1921,1805
1922,1806
1923,1807
1924,1808
1925,1809
1926,1810
1927,1811
1928,1812
1929,1813
1930,1814
1931,1815
1932,1816
1933,1817
1934,1818
1935,1819
1936,1820
1937,1821
1938,1822
1939,1823
1940,1824
1941,1825
1943,1826
1944,1827
1945,1828
1946,1829
1947,1830
1948,1831
1949,1832
1950,1833
1951,1834
1952,1835
1953,1836
1954,1837
1955,1838
1956,1839
1957,1840
1958,1841
1959,1842
1960,1843
1961,1844
1962,1845
1963,1846
1964,1847
1965,1848
1966,1849
1967,1850
1969,1851
1970,1852
1971,1853
1972,1854
1973,1855
1974,1856
1975,1857
1976,1858
1977,1859
1978,1860
1980,1861
1982,1862
1983,1863
1984,1864
1985,1865
1986,1866
1987,1867
1988,1868
1990,1869
1991,1870
1992,1871
1993,1872
1994,1873
1995,1874
1996,1875
1997,1876
1998,1877
1999,1878
2000,1879
2001,1880
2002,1881
2003,1882
2004,1883
2005,1884
2006,1885
2007,1886
2008,1887
2009,1888
2010,1889
2011,1890
2012,1891
2013,1892
2015,1893
2016,1894
2017,1895
2018,1896
2019,1897
2020,1898
2021,1899
2022,1900
2024,1901
2025,1902
2026,1903
2027,1904
2028,1905
2029,1906
2030,1907
2031,1908
2032,1909
2033,1910
2035,1911
2036,1912
2037,1913
2041,1914
2042,1915
2043,1916
2044,1917
2045,1918
2046,1919
2047,1920
2048,1921
2049,1922
2050,1923
2051,1924
2052,1925
2053,1926
2054,1927
2055,1928
2056,1929
2057,1930
2058,1931
2059,1932
2060,1933
2061,1934
2063,1935
2064,1936
2065,1937
2066,1938
2067,1939
2068,1940
2069,1941
2070,1942
2071,1943
2072,1944
2073,1945
2074,1946
2075,1947
2076,1948
2077,1949
2078,1950
2079,1951
2080,1952
2081,1953
2082,1954
2083,1955
2084,1956
2085,1957
2087,1958
2088,1959
2089,1960
2090,1961
2091,1962
2092,1963
2093,1964
2094,1965
2095,1966
2096,1967
2097,1968
2098,1969
2099,1970
2100,1971
2101,1972
2103,1974
2104,1975
2105,1976
2107,1977
2108,1978
2109,1979
2110,1980
2111,1981
2113,1983
2114,1984
2115,1985
2116,1986
2117,1987
2118,1988
2120,1990
2121,1991
2122,1992
2123,1993
2125,1994
2126,1995
2127,1996
2128,1997
2129,1998
2130,1999
2131,2000
2132,2001
2133,2002
2134,2003
2137,2005
2139,2006
2140,2007
2141,2008
2142,2009
2144,2010
2145,2011
2146,2012
2147,2013
2148,2014
2150,2016
2154,2020
2155,2021
2156,2022
2157,2023
2158,2024
2159,2025
2160,2026
2161,2027
2162,2028
2164,2029
2165,2030
2167,2031
2168,2032
2169,2033
2170,2034
2171,2035
2172,2036
2173,2037
2174,2038
2175,2039
2176,2040
2177,2041
2178,2042
2179,2043
2180,2044
2181,2045
2182,2046
2183,2047
2184,2048
2185,2049
2186,2050
2187,2051
2188,2052
2190,2053
2191,2054
2192,2055
2193,2056
2195,2057
2196,2058
2197,2059
2198,2060
2199,2061
2200,2062
2201,2063
2202,2064
2206,2066
2207,2067
2208,2068
2209,2069
2210,2070
2211,2071
2212,2072
2213,2073
2214,2074
2215,2075
2216,2076
2217,2077
2218,2078
2219,2079
2220,2080
2221,2081
2222,2082
2223,2083
2224,2084
2226,2085
2227,2086
2228,2087
2229,2088
2230,2089
2231,2090
2232,2091
2233,2092
2234,2093
2235,2094
2236,2095
2237,2096
2238,2097
2239,2098
2240,2099
2241,2100
2242,2101
2243,2102
2245,2103
2246,2104
2248,2105
2249,2106
2250,2107
2251,2108
2252,2109
2253,2110
2254,2111
2255,2112
2256,2113
2257,2114
2258,2115
2259,2116
2260,2117
2261,2118
2262,2119
2263,2120
2264,2121
2265,2122
2266,2123
2267,2124
2268,2125
2269,2126
2270,2127
2271,2128
2272,2129
2273,2130
2274,2131
2275,2132
2276,2133
2277,2134
2278,2135
2279,2136
2280,2137
2281,2138
2282,2139
2283,2140
2284,2141
2285,2142
2286,2143
2287,2144
2288,2145
2290,2146
2291,2147
2292,2148
2293,2149
2294,2150
2296,2151
2297,2152
2301,2153
2304,2154
2305,2155
2306,2156
2307,2157
2309,2158
2310,2159
2311,2160
2312,2161
2313,2162
2314,2163
2315,2164
2316,2165
2317,2166
2318,2167
2319,2168
2320,2169
2321,2170
2322,2171
2323,2172
2324,2173
2325,2174
2326,2175
2328,2176
2329,2177
2330,2178
2331,2179
2333,2180
2334,2181
2335,2182
2336,2183
2337,2184
2338,2185
2339,2186
2340,2187
2341,2188
2342,2189
2343,2190
2344,2191
2345,2192
2346,2193
2347,2194
2348,2195
2349,2196
2350,2197
2351,2198
2352,2199
2353,2200
2354,2201
2355,2202
2356,2203
2357,2204
2358,2205
2359,2206
2360,2207
2361,2208
2362,2209
2363,2210
2364,2211
2365,2212
2366,2213
2367,2214
2368,2215
2369,2216
2370,2217
2371,2218
2372,2219
2373,2220
2374,2221
2376,2222
2377,2223
2378,2224
2379,2225
2380,2226
2381,2227
2382,2228
2383,2229
2384,2230
2385,2231
2386,2232
2387,2233
2388,2234
2389,2235
2390,2236
2391,2237
2392,2238
2393,2239
2394,2240
2395,2241
2396,2242
2397,2243
2398,2244
2399,2245
2401,2246
2402,2247
2403,2248
2404,2249
2405,2250
2406,2251
2408,2252
2409,2253
2410,2254
2412,2255
2414,2257
2415,2258
2416,2259
2417,2260
2418,2261
2419,2262
2420,2263
2421,2264
2422,2265
2423,2266
2424,2267
2425,2268
2426,2269
2427,2270
2428,2271
2429,2272
2430,2273
2431,2274
2432,2275
2433,2276
2434,2277
2435,2278
2436,2279
2437,2280
2438,2281
2439,2282
2440,2283
2441,2284
2442,2285
2443,2286
2444,2287
2446,2288
2447,2289
2448,2290
2449,2291
2450,2292
2451,2293
2452,2294
2453,2295
2454,2296
2456,2297
2457,2298
2459,2299
2460,2300
2461,2301
2462,2302
2463,2303
2464,2304
2465,2305
2466,2306
2467,2307
2468,2308
2469,2309
2470,2310
2471,2311
2473,2312
2474,2313
2475,2314
2476,2315
2477,2316
2478,2317
2479,2318
2480,2319
2481,2320
2482,2321
2483,2322
2484,2323
2485,2324
2486,2325
2487,2326
2488,2327
2489,2328
2490,2329
2491,2330
2492,2331
2493,2332
2494,2333
2496,2334
2497,2335
2498,2336
2499,2337
2501,2338
2502,2339
2503,2340
2504,2341
2505,2342
2506,2343
2508,2344
2509,2345
2510,2346
2511,2347
2512,2348
2513,2349
2514,2350
2515,2351
2516,2352
2517,2353
2518,2354
2520,2355
2521,2356
2522,2357
2523,2358
2524,2359
2525,2360
2527,2361
2528,2362
2529,2363
2530,2364
2531,2365
2532,2366
2533,2367
2535,2368
2536,2369
2537,2370
2538,2371
2539,2372
2540,2373
2542,2374
2543,2375
2544,2376
2545,2377
2546,2378
2548,2379
2549,2380
2550,2381
2551,2382
2552,2383
2553,2384
2554,2385
2555,2386
2556,2387
2557,2388
2558,2389
2559,2390
2560,2391
2562,2392
2563,2393
2564,2394
2565,2395
2566,2396
2567,2397
2568,2398
2569,2399
2570,2400
2571,2401
2572,2402
2573,2403
2574,2404
2575,2405
2576,2406
2577,2407
2578,2408
2579,2409
2580,2410
2581,2411
2582,2412
2583,2413
2584,2414
2585,2415
2586,2416
2587,2417
2588,2418
2589,2419
2590,2420
2591,2421
2592,2422
2593,2423
2594,2424
2595,2425
2596,2426
2597,2427
2598,2428
2599,2429
2600,2430
2601,2431
2602,2432
2603,2433
2604,2434
2605,2435
2606,2436
2607,2437
2608,2438
2609,2439
2610,2440
2611,2441
2612,2442
2613,2443
2614,2444
2615,2445
2616,2446
2617,2447
2618,2448
2619,2449
2620,2450
2621,2451
2622,2452
2623,2453
2624,2454
2625,2455
2626,2456
2627,2457
2628,2458
2629,2459
2630,2460
2631,2461
2633,2462
2634,2463
2636,2464
2637,2465
2638,2466
2639,2467
2640,2468
2641,2469
2642,2470
2643,2471
2645,2472
2646,2473
2647,2474
2648,2475
2649,2476
2651,2477
2652,2478
2653,2479
2654,2480
2655,2481
2656,2482
2657,2483
2658,2484
2659,2485
2660,2486
2661,2487
2662,2488
2663,2489
2664,2490
2665,2491
2666,2492
2668,2493
2669,2494
2670,2495
2672,2496
2673,2497
2674,2498
2675,2499
2676,2500
2677,2501
2678,2502
2679,2503
2680,2504
2681,2505
2682,2506
2683,2507
2684,2508
2685,2509
2687,2510
2688,2511
2689,2512
2690,2513
2691,2514
2692,2515
2693,2516
2697,2517
2698,2518
2699,2519
2700,2520
2701,2521
2702,2522
2703,2523
2704,2524
2705,2525
2706,2526
2707,2527
2708,2528
2709,2529
2710,2530
2711,2531
2712,2532
2714,2533
2716,2534
2717,2535
2718,2536
2719,2537
2720,2538
2721,2539
2722,2540
2723,2541
2724,2542
2725,2543
2726,2544
2727,2545
2728,2546
2729,2547
2730,2548
2731,2549
2732,2550
2733,2551
2734,2552
2735,2553
2736,2554
2737,2555
2738,2556
2739,2557
2740,2558
2741,2559
2742,2560
2743,2561
2744,2562
2745,2563
2746,2564
2747,2565
2748,2566
2749,2567
2750,2568
2751,2569
2752,2570
2753,2571
2754,2572
2755,2573
2756,2574
2757,2575
2758,2576
2759,2577
2760,2578
2761,2579
2762,2580
2763,2581
2764,2582
2765,2583
2766,2584
2767,2585
2768,2586
2769,2587
2770,2588
2771,2589
2772,2590
2773,2591
2774,2592
2775,2593
2776,2594
2777,2595
2778,2596
2779,2597
2781,2599
2782,2600
2783,2601
2784,2602
2785,2603
2786,2604
2787,2605
2788,2606
2789,2607
2790,2608
2791,2609
2792,2610
2793,2611
2794,2612
2795,2613
2796,2614
2797,2615
2798,2616
2799,2617
2800,2618
2801,2619
2802,2620
2803,2621
2804,2622
2805,2623
2806,2624
2807,2625
2808,2626
2809,2627
2810,2628
2811,2629
2812,2630
2813,2631
2814,2632
2815,2633
2816,2634
2817,2635
2818,2636
2819,2637
2820,2638
2821,2639
2822,2640
2823,2641
2824,2642
2825,2643
2826,2644
2827,2645
2828,2646
2829,2647
2830,2648
2831,2649
2832,2650
2833,2651
2834,2652
2835,2653
2837,2655
2838,2656
2839,2657
2840,2658
2841,2659
2842,2660
2843,2661
2846,2663
2847,2664
2848,2665
2850,2666
2851,2667
2853,2668
2854,2669
2855,2670
2856,2671
2857,2672
2858,2673
2859,2674
2860,2675
2861,2676
2862,2677
2863,2678
2864,2679
2865,2680
2866,2681
2867,2682
2868,2683
2869,2684
2870,2685
2871,2686
2872,2687
2873,2688
2874,2689
2875,2690
2876,2691
2877,2692
2878,2693
2879,2694
2880,2695
2881,2696
2882,2697
2883,2698
2884,2699
2885,2700
2886,2701
2887,2702
2888,2703
2889,2704
2890,2705
2891,2706
2892,2707
2895,2710
2897,2711
2899,2713
2900,2714
2901,2715
2902,2716
2903,2717
2904,2718
2906,2720
2907,2721
2908,2722
2909,2723
2910,2724
2912,2725
2913,2726
2914,2727
2915,2728
2916,2729
2917,2730
2918,2731
2919,2732
2920,2733
2921,2734
2922,2735
2923,2736
2924,2737
2925,2738
2926,2739
2927,2740
2928,2741
2929,2742
2930,2743
2931,2744
2932,2745
2933,2746
2934,2747
2935,2748
2936,2749
2937,2750
2938,2751
2939,2752
2940,2753
2941,2754
2942,2755
2943,2756
2944,2757
2945,2758
2946,2759
2947,2760
2948,2761
2949,2762
2950,2763
2951,2764
2952,2765
2953,2766
2954,2767
2955,2768
2956,2769
2957,2770
2958,2771
2960,2772
2961,2773
2962,2774
2963,2775
2964,2776
2965,2777
2966,2778
2967,2779
2968,2780
2969,2781
2970,2782
2971,2783
2972,2784
2973,2785
2974,2786
2975,2787
2976,2788
2977,2789
2978,2790
2979,2791
2980,2792
2981,2793
2982,2794
2983,2795
2984,2796
2985,2797
2986,2798
2987,2799
2989,2800
2990,2801
2991,2802
2992,2803
2994,2804
2995,2805
2996,2806
2997,2807
2998,2808
2999,2809
3000,2810
3001,2811
3002,2812
3003,2813
3004,2814
3005,2815
3006,2816
3007,2817
3008,2818
3009,2819
3010,2820
3011,2821
3012,2822
3013,2823
3014,2824
3015,2825
3016,2826
3017,2827
3018,2828
3019,2829
3020,2830
3021,2831
3022,2832
3023,2833
3024,2834
3025,2835
3026,2836
3027,2837
3028,2838
3030,2839
3031,2840
3032,2841
3033,2842
3034,2843
3035,2844
3036,2845
3037,2846
3038,2847
3039,2848
3040,2849
3041,2850
3042,2851
3043,2852
3044,2853
3046,2854
3047,2855
3048,2856
3051,2857
3052,2858
3053,2859
3054,2860
3055,2861
3056,2862
3057,2863
3058,2864
3059,2865
3060,2866
3061,2867
3062,2868
3063,2869
3064,2870
3065,2871
3066,2872
3067,2873
3068,2874
3069,2875
3071,2876
3072,2877
3073,2878
3074,2879
3075,2880
3076,2881
3077,2882
3078,2883
3079,2884
3080,2885
3081,2886
3082,2887
3083,2888
3084,2889
3085,2890
3086,2891
3087,2892
3088,2893
3089,2894
3090,2895
3091,2896
3092,2897
3093,2898
3094,2899
3095,2900
3096,2901
3097,2902
3098,2903
3099,2904
3100,2905
3101,2906
3103,2907
3104,2908
3105,2909
3106,2910
3108,2911
3109,2912
3110,2913
3111,2914
3112,2915
3113,2916
3115,2917
3116,2918
3117,2919
3118,2920
3119,2921
3121,2922
3122,2923
3123,2924
3124,2925
3125,2926
3126,2927
3127,2928
3128,2929
3129,2930
3131,2931
3132,2932
3133,2933
3135,2934
3136,2935
3137,2936
3138,2937
3139,2938
3140,2939
3141,2940
3142,2941
3143,2942
3144,2943
3145,2944
3146,2945
3147,2946
3148,2947
3149,2948
3150,2949
3151,2950
3152,2951
3153,2952
3154,2953
3155,2954
3156,2955
3157,2956
3158,2957
3159,2958
3160,2959
3161,2960
3162,2961
3163,2962
3164,2963
3165,2964
3166,2965
3167,2966
3168,2967
3169,2968
3170,2969
3171,2970
3172,2971
3173,2972
3174,2973
3175,2974
3176,2975
3177,2976
3178,2977
3179,2978
3180,2979
3181,2980
3182,2981
3184,2982
3185,2983
3186,2984
3187,2985
3188,2986
3189,2987
3190,2988
3191,2989
3192,2990
3193,2991
3194,2992
3195,2993
3196,2994
3197,2995
3199,2996
3200,2997
3201,2998
3202,2999
3203,3000
3205,3002
3206,3003
3207,3004
3208,3005
3209,3006
3210,3007
3211,3008
3212,3009
3213,3010
3214,3011
3215,3012
3216,3013
3217,3014
3218,3015
3219,3016
3220,3017
3221,3018
3222,3019
3223,3020
3224,3021
3225,3022
3226,3023
3227,3024
3228,3025
3229,3026
3230,3027
3231,3028
3232,3029
3234,3030
3235,3031
3236,3032
3237,3033
3238,3034
3240,3035
3241,3036
3242,3037
3243,3038
3244,3039
3245,3040
3246,3041
3247,3042
3248,3043
3249,3044
3250,3045
3251,3046
3252,3047
3253,3048
3254,3049
3255,3050
3256,3051
3257,3052
3258,3053
3259,3054
3260,3055
3261,3056
3262,3057
3263,3058
3264,3059
3265,3060
3266,3061
3267,3062
3268,3063
3269,3064
3270,3065
3271,3066
3272,3067
3273,3068
3274,3069
3275,3070
3276,3071
3277,3072
3278,3073
3279,3074
3280,3075
3281,3076
3282,3077
3283,3078
3284,3079
3285,3080
3287,3081
3288,3082
3289,3083
3290,3084
3291,3085
3293,3086
3294,3087
3295,3088
3296,3089
3297,3090
3298,3091
3299,3092
3300,3093
3301,3094
3302,3095
3303,3096
3304,3097
3305,3098
3306,3099
3307,3100
3308,3101
3309,3102
3310,3103
3311,3104
3312,3105
3313,3106
3314,3107
3315,3108
3316,3109
3317,3110
3318,3111
3319,3112
3320,3113
3321,3114
3322,3115
3323,3116
3324,3117
3325,3118
3326,3119
3327,3120
3328,3121
3329,3122
3330,3123
3331,3124
3332,3125
3333,3126
3334,3127
3335,3128
3336,3129
3337,3130
3338,3131
3339,3132
3340,3133
3341,3134
3342,3135
3343,3136
3345,3137
3346,3138
3347,3139
3348,3140
3349,3141
3350,3142
3351,3143
3352,3144
3354,3145
3355,3146
3357,3147
3358,3148
3359,3149
3360,3150
3361,3151
3362,3152
3363,3153
3364,3154
3366,3155
3368,3156
3369,3157
3370,3158
3371,3159
3372,3160
3373,3161
3374,3162
3375,3163
3376,3164
3377,3165
3378,3166
3379,3167
3380,3168
3381,3169
3382,3170
3383,3171
3384,3172
3385,3173
3386,3174
3387,3175
3388,3176
3389,3177
3390,3178
3391,3179
3392,3180
3393,3181
3394,3182
3395,3183
3396,3184
3397,3185
3398,3186
3399,3187
3401,3188
3402,3189
3403,3190
3404,3191
3405,3192
3406,3193
3407,3194
3408,3195
3409,3196
3410,3197
3412,3198
3413,3199
3414,3200
3415,3201
3416,3202
3417,3203
3418,3204
3419,3205
3420,3206
3421,3207
3422,3208
3423,3209
3424,3210
3425,3211
3426,3212
3427,3213
3428,3214
3429,3215
3430,3216
3431,3217
3432,3218
3433,3219
3434,3220
3435,3221
3436,3222
3437,3223
3439,3224
3441,3225
3442,3226
3443,3227
3444,3228
3445,3229
3446,3230
3447,3231
3448,3232
3450,3234
3451,3235
3452,3236
3453,3237
3454,3238
3455,3239
3456,3240
3457,3241
3458,3242
3459,3243
3460,3244
3461,3245
3462,3246
3463,3247
3464,3248
3465,3249
3466,3250
3467,3251
3468,3252
3469,3253
3470,3254
3471,3255
3472,3256
3473,3257
3474,3258
3475,3259
3477,3260
3478,3261
3479,3262
3480,3263
3481,3264
3482,3265
3483,3266
3484,3267
3485,3268
3486,3269
3487,3270
3489,3272
3491,3273
3492,3274
3493,3275
3494,3276
3495,3277
3496,3278
3497,3279
3498,3280
3499,3281
3500,3282
3502,3283
3503,3284
3505,3286
3506,3287
3507,3288
3508,3289
3509,3290
3510,3291
3511,3292
3512,3293
3513,3294
3514,3295
3515,3296
3516,3297
3517,3298
3518,3299
3519,3300
3520,3301
3521,3302
3522,3303
3524,3304
3526,3305
3527,3306
3528,3307
3529,3308
3530,3309
3531,3310
3533,3311
3534,3312
3535,3313
3536,3314
3537,3315
3538,3316
3539,3317
3540,3318
3541,3319
3542,3320
3544,3322
3545,3323
3546,3324
3547,3325
3548,3326
3550,3327
3552,3328
3553,3329
3554,3330
3555,3331
3556,3332
3557,3333
3558,3334
3559,3335
3560,3336
3561,3337
3562,3338
3563,3339
3564,3340
3565,3341
3566,3342
3567,3343
3568,3344
3569,3345
3570,3346
3571,3347
3572,3348
3573,3349
3574,3350
3575,3351
3576,3352
3577,3353
3578,3354
3579,3355
3580,3356
3581,3357
3582,3358
3584,3360
3585,3361
3586,3362
3587,3363
3588,3364
3589,3365
3590,3366
3591,3367
3592,3368
3593,3369
3595,3370
3596,3371
3597,3372
3598,3373
3599,3374
3600,3375
3601,3376
3602,3377
3603,3378
3604,3379
3605,3380
3606,3381
3607,3382
3611,3383
3613,3384
3614,3385
3615,3386
3616,3387
3617,3388
3618,3389
3621,3390
3622,3391
3624,3392
3627,3393
3628,3394
3629,3395
3630,3396
3631,3397
3632,3398
3633,3399
3634,3400
3636,3402
3638,3403
3639,3404
3640,3405
3641,3406
3642,3407
3644,3408
3645,3409
3646,3410
3647,3411
3648,3412
3649,3413
3650,3414
3651,3415
3652,3416
3653,3417
3654,3418
3655,3419
3657,3420
3658,3421
3659,3422
3660,3423
3661,3424
3662,3425
3664,3426
3666,3427
3667,3428
3668,3429
3671,3430
3672,3431
3673,3432
3674,3433
3675,3434
3676,3435
3677,3436
3678,3437
3679,3438
3680,3439
3681,3440
3682,3441
3683,3442
3684,3443
3685,3444
3686,3445
3687,3446
3688,3447
3689,3448
3690,3449
3691,3450
3692,3451
3693,3452
3694,3453
3695,3454
3696,3455
3697,3456
3698,3457
3699,3458
3700,3459
3701,3460
3702,3461
3703,3462
3704,3463
3705,3464
3706,3465
3707,3466
3708,3467
3709,3468
3710,3469
3711,3470
3712,3471
3713,3472
3714,3473
3715,3474
3716,3475
3717,3476
3718,3477
3719,3478
3720,3479
3722,3480
3723,3481
3724,3482
3725,3483
3727,3484
3728,3485
3729,3486
3730,3487
3731,3488
3732,3489
3733,3490
3734,3491
3735,3492
3737,3494
3738,3495
3739,3496
3741,3497
3742,3498
3743,3499
3744,3500
3745,3501
3746,3502
3747,3503
3748,3504
3750,3505
3751,3506
3752,3507
3753,3508
3754,3509
3755,3510
3756,3511
3757,3512
3758,3513
3760,3514
3761,3515
3762,3516
3763,3517
3764,3518
3765,3519
3766,3520
3767,3521
3768,3522
3769,3523
3770,3524
3771,3525
3772,3526
3773,3527
3774,3528
3775,3529
3776,3530
3777,3531
3778,3532
3779,3533
3780,3534
3781,3535
3782,3536
3783,3537
3784,3538
3785,3539
3786,3540
3787,3541
3788,3542
3789,3543
3790,3544
3792,3546
3793,3547
3794,3548
3795,3549
3796,3550
3797,3551
3798,3552
3799,3553
3800,3554
3801,3555
3802,3556
3803,3557
3804,3558
3805,3559
3806,3560
3807,3561
3808,3562
3809,3563
3810,3564
3811,3565
3812,3566
3813,3567
3814,3568
3815,3569
3816,3570
3817,3571
3818,3572
3819,3573
3820,3574
3821,3575
3823,3577
3824,3578
3826,3579
3827,3580
3829,3581
3830,3582
3831,3583
3832,3584
3833,3585
3834,3586
3836,3587
3837,3588
3838,3589
3839,3590
3840,3591
3841,3592
3842,3593
3843,3594
3844,3595
3845,3596
3846,3597
3847,3598
3848,3599
3850,3600
3851,3601
3852,3602
3853,3603
3854,3604
3855,3605
3856,3606
3857,3607
3858,3608
3859,3609
3860,3610
3861,3611
3862,3612
3863,3613
3864,3614
3865,3615
3866,3616
3867,3617
3868,3618
3869,3619
3871,3621
3872,3622
3873,3623
3874,3624
3875,3625
3876,3626
3877,3627
3878,3628
3879,3629
3880,3630
3881,3631
3882,3632
3883,3633
3884,3634
3885,3635
3886,3636
3887,3637
3888,3638
3889,3639
3890,3640
3891,3641
3892,3642
3893,3643
3894,3644
3895,3645
3896,3646
3897,3647
3898,3648
3899,3649
3900,3650
3901,3651
3902,3652
3903,3653
3904,3654
3905,3655
3906,3656
3907,3657
3908,3658
3909,3659
3910,3660
3911,3661
3912,3662
3913,3663
3914,3664
3915,3665
3916,3666
3917,3667
3918,3668
3919,3669
3920,3670
3921,3671
3922,3672
3925,3673
3926,3674
3927,3675
3929,3676
3932,3677
3933,3678
3935,3679
3936,3680
3937,3681
3938,3682
3939,3683
3940,3684
3941,3685
3942,3686
3944,3687
3945,3688
3946,3689
3947,3690
3948,3691
3949,3692
3950,3693
3951,3694
3952,3695
3955,3696
3956,3697
3957,3698
3958,3699
3959,3700
3960,3701
3961,3702
3962,3703
3963,3704
3964,3705
3965,3706
3966,3707
3967,3708
3969,3709
3971,3710
3972,3711
3973,3712
3974,3713
3975,3714
3976,3715
3977,3716
3978,3717
3980,3718
3981,3719
3982,3720
3983,3721
3984,3722
3985,3723
3986,3724
3988,3725
3989,3726
3990,3727
3991,3728
3992,3729
3993,3730
3994,3731
3995,3732
3996,3733
3997,3734
3999,3735
4000,3736
4001,3737
4004,3738
4005,3739
4006,3740
4007,3741
4008,3742
4009,3743
4010,3744
4011,3745
4012,3746
4013,3747
4014,3748
4015,3749
4016,3750
4017,3751
4018,3752
4019,3753
4020,3754
4021,3755
4022,3756
4023,3757
4024,3758
4025,3759
4027,3761
4028,3762
4029,3763
4030,3764
4031,3765
4032,3766
4033,3767
4034,3768
4038,3770
4039,3771
4040,3772
4041,3773
4042,3774
4043,3775
4044,3776
4045,3777
4046,3778
4047,3779
4048,3780
4049,3781
4051,3782
4052,3783
4053,3784
4054,3785
4055,3786
4056,3787
4057,3788
4058,3789
4060,3790
4061,3791
4062,3792
4063,3793
4064,3794
4065,3795
4066,3796
4067,3797
4068,3798
4069,3799
4070,3800
4071,3801
4072,3802
4073,3803
4074,3804
4075,3805
4076,3806
4077,3807
4078,3808
4079,3809
4080,3810
4081,3811
4082,3812
4083,3813
4084,3814
4085,3815
4086,3816
4087,3817
4088,3818
4089,3819
4090,3820
4092,3822
4094,3823
4095,3824
4096,3825
4097,3826
4098,3827
4099,3828
4100,3829
4101,3830
4102,3831
4103,3832
4104,3833
4105,3834
4106,3835
4107,3836
4108,3837
4109,3838
4110,3839
4111,3840
4112,3841
4113,3842
4114,3843
4115,3844
4116,3845
4117,3846
4118,3847
4119,3848
4121,3849
4123,3850
4124,3851
4125,3852
4126,3853
4127,3854
4128,3855
4129,3856
4130,3857
4131,3858
4132,3859
4133,3860
4134,3861
4135,3862
4136,3863
4137,3864
4139,3865
4140,3866
4142,3867
4143,3868
4144,3869
4145,3870
4146,3871
4147,3872
4148,3873
4149,3874
4150,3875
4151,3876
4153,3878
4155,3879
4156,3880
4157,3881
4158,3882
4160,3883
4161,3884
4162,3885
4163,3886
4165,3888
4166,3889
4167,3890
4168,3891
4169,3892
4170,3893
4171,3894
4172,3895
4173,3896
4174,3897
4175,3898
4176,3899
4177,3900
4178,3901
4179,3902
4180,3903
4181,3904
4182,3905
4184,3907
4185,3908
4186,3909
4187,3910
4189,3912
4190,3913
4191,3914
4193,3915
4194,3916
4195,3917
4196,3918
4197,3919
4198,3920
4199,3921
4200,3922
4201,3923
4202,3924
4203,3925
4204,3926
4205,3927
4206,3928
4207,3929
4208,3930
4209,3931
4210,3932
4211,3933
4212,3934
4213,3935
4214,3936
4215,3937
4216,3938
4217,3939
4218,3940
4219,3941
4220,3942
4221,3943
4222,3944
4223,3945
4224,3946
4225,3947
4226,3948
4227,3949
4230,3950
4231,3951
4232,3952
4233,3953
4234,3954
4235,3955
4236,3956
4237,3957
4238,3958
4239,3959
4240,3960
4241,3961
4243,3962
4244,3963
4245,3964
4246,3965
4247,3966
4248,3967
4249,3968
4250,3969
4251,3970
4253,3971
4254,3972
4255,3973
4256,3974
4258,3975
4259,3976
4260,3977
4261,3978
4262,3979
4263,3980
4264,3981
4265,3982
4266,3983
4267,3984
4268,3985
4269,3986
4270,3987
4271,3988
4272,3989
4273,3990
4274,3991
4275,3992
4276,3993
4277,3994
4278,3995
4279,3996
4280,3997
4281,3998
4282,3999
4283,4000
4284,4001
4285,4002
4286,4003
4287,4004
4288,4005
4289,4006
4290,4007
4291,4008
4292,4009
4293,4010
4294,4011
4296,4012
4297,4013
4298,4014
4299,4015
4300,4016
4301,4017
4303,4018
4304,4019
4305,4020
4307,4021
4308,4022
4309,4023
4311,4024
4313,4025
4314,4026
4315,4027
4316,4028
4317,4029
4318,4030
4319,4031
4321,4032
4322,4033
4323,4034
4324,4035
4325,4036
4326,4037
4327,4038
4329,4040
4330,4041
4331,4042
4332,4043
4333,4044
4334,4045
4335,4046
4336,4047
4337,4048
4338,4049
4339,4050
4340,4051
4341,4052
4342,4053
4343,4054
4344,4055
4345,4056
4346,4057
4347,4058
4348,4059
4349,4060
4350,4061
4351,4062
4352,4063
4353,4064
4354,4065
4355,4066
4356,4067
4357,4068
4358,4069
4359,4070
4360,4071
4361,4072
4362,4073
4363,4074
4364,4075
4365,4076
4366,4077
4367,4078
4368,4079
4369,4080
4370,4081
4371,4082
4372,4083
4373,4084
4374,4085
4378,4086
4379,4087
4380,4088
4381,4089
4382,4090
4383,4091
4384,4092
4385,4093
4386,4094
4387,4095
4388,4096
4389,4097
4390,4098
4391,4099
4392,4100
4393,4101
4394,4102
4396,4103
4397,4104
4398,4105
4399,4106
4400,4107
4401,4108
4402,4109
4403,4110
4404,4111
4405,4112
4406,4113
4407,4114
4409,4115
4411,4116
4412,4117
4413,4118
4414,4119
4416,4120
4417,4121
4418,4122
4419,4123
4421,4124
4422,4125
4424,4126
4425,4127
4426,4128
4427,4129
4428,4130
4429,4131
4430,4132
4431,4133
4432,4134
4433,4135
4434,4136
4435,4137
4436,4138
4437,4139
4438,4140
4439,4141
4440,4142
4441,4143
4442,4144
4443,4145
4444,4146
4445,4147
4446,4148
4447,4149
4448,4150
4449,4151
4450,4152
4451,4153
4452,4154
4454,4155
4455,4156
4456,4157
4457,4158
4458,4159
4459,4160
4460,4161
4461,4162
4462,4163
4463,4164
4464,4165
4465,4166
4466,4167
4467,4168
4469,4169
4471,4170
4472,4171
4473,4172
4474,4173
4475,4174
4478,4175
4479,4176
4480,4177
4481,4178
4482,4179
4483,4180
4484,4181
4485,4182
4486,4183
4487,4184
4488,4185
4489,4186
4490,4187
4491,4188
4492,4189
4493,4190
4494,4191
4495,4192
4496,4193
4497,4194
4498,4195
4499,4196
4500,4197
4501,4198
4502,4199
4503,4200
4504,4201
4505,4202
4506,4203
4508,4205
4509,4206
4510,4207
4511,4208
4512,4209
4514,4210
4516,4211
4517,4212
4518,4213
4520,4215
4521,4216
4522,4217
4523,4218
4524,4219
4525,4220
4526,4221
4527,4222
4528,4223
4529,4224
4530,4225
4531,4226
4532,4227
4533,4228
4534,4229
4536,4230
4537,4231
4538,4232
4539,4233
4540,4234
4542,4235
4543,4236
4544,4237
4545,4238
4546,4239
4547,4240
4548,4241
4549,4242
4550,4243
4551,4244
4553,4245
4554,4246
4555,4247
4556,4248
4557,4249
4558,4250
4560,4251
4562,4252
4564,4253
4565,4254
4566,4255
4567,4256
4568,4257
4569,4258
4570,4259
4571,4260
4572,4261
4573,4262
4574,4263
4575,4264
4576,4265
4577,4266
4579,4267
4580,4268
4581,4269
4582,4270
4583,4271
4584,4272
4585,4273
4586,4274
4587,4275
4588,4276
4589,4277
4590,4278
4591,4279
4592,4280
4593,4281
4594,4282
4595,4283
4596,4284
4597,4285
4598,4286
4599,4287
4600,4288
4601,4289
4602,4290
4603,4291
4604,4292
4605,4293
4606,4294
4607,4295
4608,4296
4609,4297
4610,4298
4611,4299
4612,4300
4613,4301
4614,4302
4615,4303
4616,4304
4617,4305
4618,4306
4619,4307
4620,4308
4621,4309
4622,4310
4623,4311
4624,4312
4625,4313
4626,4314
4627,4315
4628,4316
4629,4317
4630,4318
4631,4319
4632,4320
4633,4321
4634,4322
4635,4323
4636,4324
4637,4325
4638,4326
4639,4327
4640,4328
4641,4329
4642,4330
4643,4331
4644,4332
4645,4333
4646,4334
4647,4335
4648,4336
4649,4337
4650,4338
4651,4339
4652,4340
4653,4341
4654,4342
4655,4343
4656,4344
4657,4345
4658,4346
4659,4347
4660,4348
4661,4349
4662,4350
4663,4351
4665,4353
4666,4354
4667,4355
4668,4356
4669,4357
4670,4358
4671,4359
4673,4361
4674,4362
4675,4363
4676,4364
4677,4365
4678,4366
4679,4367
4681,4368
4683,4369
4684,4370
4685,4371
4686,4372
4687,4373
4688,4374
4689,4375
4690,4376
4691,4377
4692,4378
4693,4379
4694,4380
4695,4381
4696,4382
4697,4383
4698,4384
4699,4385
4700,4386
4701,4387
4703,4389
4704,4390
4705,4391
4707,4393
4709,4395
4710,4396
4711,4397
4713,4398
4714,4399
4715,4400
4716,4401
4717,4402
4718,4403
4719,4404
4720,4405
4721,4406
4722,4407
4723,4408
4724,4409
4725,4410
4726,4411
4727,4412
4728,4413
4729,4414
4730,4415
4731,4416
4733,4417
4734,4418
4736,4419
4737,4420
4738,4421
4739,4422
4741,4423
4742,4424
4743,4425
4744,4426
4745,4427
4746,4428
4747,4429
4748,4430
4749,4431
4750,4432
4751,4433
4753,4434
4754,4435
4755,4436
4756,4437
4757,4438
4758,4439
4759,4440
4760,4441
4761,4442
4762,4443
4763,4444
4764,4445
4765,4446
4767,4447
4768,4448
4769,4449
4771,4450
4772,4451
4773,4452
4775,4453
4776,4454
4777,4455
4778,4456
4779,4457
4780,4458
4781,4459
4782,4460
4783,4461
4784,4462
4785,4463
4786,4464
4787,4465
4788,4466
4790,4467
4792,4468
4793,4469
4794,4470
4796,4471
4797,4472
4798,4473
4799,4474
4800,4475
4801,4476
4802,4477
4803,4478
4804,4479
4805,4480
4806,4481
4807,4482
4808,4483
4809,4484
4810,4485
4811,4486
4812,4487
4813,4488
4814,4489
4815,4490
4817,4491
4818,4492
4819,4493
4820,4494
4821,4495
4822,4496
4823,4497
4824,4498
4825,4499
4826,4500
4827,4501
4828,4502
4829,4503
4830,4504
4831,4505
4832,4506
4833,4507
4835,4509
4836,4510
4837,4511
4839,4512
4840,4513
4841,4514
4842,4515
4843,4516
4844,4517
4845,4518
4846,4519
4847,4520
4848,4521
4849,4522
4850,4523
4851,4524
4852,4525
4853,4526
4854,4527
4855,4528
4857,4529
4858,4530
4859,4531
4860,4532
4863,4534
4864,4535
4865,4536
4866,4537
4867,4538
4868,4539
4869,4540
4870,4541
4871,4542
4872,4543
4873,4544
4874,4545
4875,4546
4878,4549
4880,4550
4881,4551
4882,4552
4883,4553
4884,4554
4885,4555
4886,4556
4887,4557
4888,4558
4889,4559
4890,4560
4891,4561
4892,4562
4893,4563
4894,4564
4895,4565
4896,4566
4897,4567
4898,4568
4899,4569
4900,4570
4901,4571
4902,4572
4903,4573
4904,4574
4905,4575
4906,4576
4907,4577
4908,4578
4909,4579
4910,4580
4911,4581
4912,4582
4913,4583
4914,4584
4915,4585
4916,4586
4917,4587
4918,4588
4919,4589
4920,4590
4921,4591
4922,4592
4923,4593
4924,4594
4925,4595
4926,4596
4928,4597
4929,4598
4931,4600
4933,4601
4934,4602
4935,4603
4936,4604
4938,4606
4939,4607
4940,4608
4941,4609
4942,4610
4943,4611
4944,4612
4946,4613
4947,4614
4948,4615
4949,4616
4950,4617
4952,4619
4953,4620
4954,4621
4955,4622
4956,4623
4957,4624
4958,4625
4959,4626
4960,4627
4961,4628
4962,4629
4963,4630
4964,4631
4965,4632
4966,4633
4967,4634
4968,4635
4969,4636
4970,4637
4971,4638
4972,4639
4973,4640
4974,4641
4975,4642
4976,4643
4977,4644
4978,4645
4979,4646
4980,4647
4981,4648
4982,4649
4983,4650
4984,4651
4985,4652
4986,4653
4987,4654
4988,4655
4989,4656
4991,4657
4992,4658
4993,4659
4994,4660
4995,4661
4997,4662
4998,4663
4999,4664
5000,4665
5001,4666
5002,4667
5003,4668
5004,4669
5005,4670
5006,4671
5008,4672
5009,4673
5010,4674
5011,4675
5012,4676
5013,4677
5014,4678
5015,4679
5017,4681
5018,4682
5020,4684
5021,4685
5022,4686
5023,4687
5024,4688
5025,4689
5026,4690
5027,4691
5028,4692
5029,4693
5030,4694
5031,4695
5032,4696
5033,4697
5034,4698
5035,4699
5036,4700
5037,4701
5038,4702
5039,4703
5040,4704
5041,4705
5042,4706
5043,4707
5044,4708
5045,4709
5046,4710
5049,4711
5050,4712
5051,4713
5052,4714
5053,4715
5054,4716
5055,4717
5056,4718
5057,4719
5058,4720
5059,4721
5060,4722
5062,4724
5063,4725
5064,4726
5065,4727
5066,4728
5067,4729
5068,4730
5069,4731
5070,4732
5071,4733
5072,4734
5073,4735
5074,4736
5075,4737
5076,4738
5077,4739
5078,4740
5079,4741
5080,4742
5081,4743
5082,4744
5083,4745
5084,4746
5085,4747
5086,4748
5087,4749
5088,4750
5089,4751
5090,4752
5092,4753
5093,4754
5094,4755
5095,4756
5096,4757
5097,4758
5098,4759
5099,4760
5100,4761
5101,4762
5102,4763
5103,4764
5104,4765
5105,4766
5106,4767
5107,4768
5108,4769
5109,4770
5110,4771
5111,4772
5112,4773
5113,4774
5114,4775
5115,4776
5116,4777
5117,4778
5118,4779
5119,4780
5120,4781
5121,4782
5122,4783
5123,4784
5124,4785
5125,4786
5126,4787
5127,4788
5128,4789
5129,4790
5130,4791
5131,4792
5132,4793
5133,4794
5134,4795
5135,4796
5136,4797
5137,4798
5138,4799
5139,4800
5140,4801
5141,4802
5143,4803
5144,4804
5145,4805
5146,4806
5147,4807
5148,4808
5149,4809
5150,4810
5151,4811
5152,4812
5153,4813
5155,4814
5156,4815
5157,4816
5158,4817
5159,4818
5160,4819
5161,4820
5162,4821
5163,4822
5164,4823
5165,4824
5166,4825
5167,4826
5168,4827
5169,4828
5171,4829
5173,4830
5174,4831
5176,4832
5177,4833
5178,4834
5179,4835
5181,4836
5182,4837
5183,4838
5184,4839
5185,4840
5186,4841
5188,4842
5190,4843
5191,4844
5192,4845
5193,4846
5194,4847
5195,4848
5196,4849
5197,4850
5198,4851
5199,4852
5200,4853
5201,4854
5202,4855
5203,4856
5204,4857
5205,4858
5207,4859
5208,4860
5209,4861
5210,4862
5211,4863
5212,4864
5213,4865
5214,4866
5216,4868
5217,4869
5218,4870
5219,4871
5220,4872
5221,4873
5222,4874
5224,4875
5225,4876
5227,4878
5228,4879
5229,4880
5230,4881
5231,4882
5232,4883
5233,4884
5234,4885
5235,4886
5236,4887
5237,4888
5238,4889
5239,4890
5241,4891
5242,4892
5243,4893
5244,4894
5245,4895
5246,4896
5247,4897
5248,4898
5249,4899
5250,4900
5251,4901
5253,4902
5254,4903
5255,4904
5256,4905
5257,4906
5258,4907
5260,4908
5261,4909
5262,4910
5263,4911
5264,4912
5265,4913
5266,4914
5267,4915
5268,4916
5269,4917
5271,4919
5272,4920
5273,4921
5274,4922
5275,4923
5276,4924
5278,4925
5279,4926
5281,4927
5282,4928
5283,4929
5284,4930
5285,4931
5286,4932
5287,4933
5288,4934
5289,4935
5290,4936
5291,4937
5292,4938
5293,4939
5294,4940
5295,4941
5296,4942
5297,4943
5298,4944
5299,4945
5300,4946
5301,4947
5302,4948
5303,4949
5304,4950
5305,4951
5306,4952
5307,4953
5308,4954
5309,4955
5310,4956
5311,4957
5312,4958
5313,4959
5314,4960
5315,4961
5316,4962
5317,4963
5318,4964
5320,4965
5321,4966
5322,4967
5325,4968
5326,4969
5327,4970
5328,4971
5329,4972
5330,4973
5331,4974
5332,4975
5333,4976
5334,4977
5335,4978
5336,4979
5338,4980
5339,4981
5340,4982
5341,4983
5343,4985
5344,4986
5347,4988
5348,4989
5351,4990
5352,4991
5353,4992
5355,4993
5356,4994
5357,4995
5358,4996
5361,4997
5362,4998
5364,4999
5365,5000
5366,5001
5367,5002
5368,5003
5369,5004
5370,5005
5371,5006
5373,5007
5374,5008
5375,5009
5376,5010
5377,5011
5378,5012
5379,5013
5380,5014
5381,5015
5382,5016
5385,5017
5386,5018
5387,5019
5388,5020
5389,5021
5392,5022
5393,5023
5396,5024
5397,5025
5398,5026
5399,5027
5400,5028
5401,5029
5402,5030
5403,5031
5404,5032
5405,5033
5406,5034
5407,5035
5408,5036
5409,5037
5410,5038
5411,5039
5412,5040
5413,5041
5414,5042
5415,5043
5417,5044
5418,5045
5419,5046
5420,5047
5421,5048
5422,5049
5423,5050
5424,5051
5425,5052
5426,5053
5427,5054
5428,5055
5429,5056
5430,5057
5431,5058
5432,5059
5434,5060
5435,5061
5436,5062
5437,5063
5438,5064
5439,5065
5440,5066
5441,5067
5442,5068
5443,5069
5444,5070
5445,5071
5446,5072
5447,5073
5448,5074
5449,5075
5451,5077
5452,5078
5453,5079
5454,5080
5455,5081
5457,5083
5458,5084
5459,5085
5460,5086
5461,5087
5462,5088
5463,5089
5464,5090
5465,5091
5466,5092
5467,5093
5468,5094
5469,5095
5470,5096
5471,5097
5472,5098
5475,5099
5476,5100
5477,5101
5478,5102
5479,5103
5480,5104
5481,5105
5482,5106
5483,5107
5484,5108
5485,5109
5486,5110
5487,5111
5488,5112
5489,5113
5490,5114
5491,5115
5492,5116
5493,5117
5494,5118
5495,5119
5496,5120
5497,5121
5498,5122
5499,5123
5500,5124
5501,5125
5502,5126
5503,5127
5504,5128
5505,5129
5506,5130
5507,5131
5508,5132
5509,5133
5510,5134
5511,5135
5512,5136
5513,5137
5514,5138
5515,5139
5516,5140
5517,5141
5518,5142
5519,5143
5520,5144
5521,5145
5522,5146
5523,5147
5524,5148
5525,5149
5526,5150
5527,5151
5528,5152
5529,5153
5530,5154
5531,5155
5532,5156
5533,5157
5535,5159
5536,5160
5537,5161
5538,5162
5539,5163
5540,5164
5541,5165
5542,5166
5543,5167
5545,5168
5546,5169
5548,5170
5549,5171
5550,5172
5551,5173
5552,5174
5553,5175
5554,5176
5555,5177
5557,5179
5559,5181
5560,5182
5561,5183
5562,5184
5563,5185
5564,5186
5565,5187
5566,5188
5567,5189
5569,5190
5570,5191
5571,5192
5572,5193
5573,5194
5574,5195
5575,5196
5578,5198
5579,5199
5580,5200
5581,5201
5582,5202
5583,5203
5584,5204
5585,5205
5586,5206
5588,5208
5589,5209
5590,5210
5591,5211
5592,5212
5593,5213
5594,5214
5595,5215
5596,5216
5597,5217
5598,5218
5599,5219
5600,5220
5601,5221
5602,5222
5603,5223
5604,5224
5605,5225
5606,5226
5607,5227
5608,5228
5609,5229
5610,5230
5611,5231
5612,5232
5613,5233
5614,5234
5615,5235
5616,5236
5618,5237
5619,5238
5620,5239
5621,5240
5622,5241
5623,5242
5624,5243
5625,5244
5626,5245
5627,5246
5628,5247
5629,5248
5630,5249
5631,5250
5632,5251
5633,5252
5634,5253
5635,5254
5636,5255
5637,5256
5638,5257
5639,5258
5640,5259
5642,5260
5643,5261
5644,5262
5645,5263
5646,5264
5647,5265
5648,5266
5649,5267
5650,5268
5651,5269
5652,5270
5653,5271
5654,5272
5655,5273
5656,5274
5657,5275
5661,5279
5662,5280
5663,5281
5664,5282
5665,5283
5666,5284
5667,5285
5668,5286
5669,5287
5670,5288
5671,5289
5672,5290
5673,5291
5675,5293
5678,5295
5679,5296
5680,5297
5681,5298
5682,5299
5683,5300
5684,5301
5685,5302
5686,5303
5687,5304
5688,5305
5689,5306
5690,5307
5691,5308
5692,5309
5693,5310
5694,5311
5695,5312
5696,5313
5697,5314
5698,5315
5699,5316
5700,5317
5701,5318
5702,5319
5704,5320
5706,5321
5707,5322
5708,5323
5709,5324
5710,5325
5711,5326
5712,5327
5713,5328
5714,5329
5715,5330
5716,5331
5717,5332
5718,5333
5719,5334
5720,5335
5721,5336
5722,5337
5723,5338
5724,5339
5725,5340
5726,5341
5727,5342
5728,5343
5729,5344
5732,5345
5733,5346
5734,5347
5735,5348
5736,5349
5737,5350
5738,5351
5739,5352
5740,5353
5741,5354
5742,5355
5743,5356
5744,5357
5745,5358
5746,5359
5747,5360
5748,5361
5749,5362
5750,5363
5751,5364
5752,5365
5754,5366
5755,5367
5756,5368
5757,5369
5758,5370
5759,5371
5761,5373
5762,5374
5763,5375
5764,5376
5765,5377
5766,5378
5767,5379
5768,5380
5769,5381
5770,5382
5771,5383
5772,5384
5775,5386
5776,5387
5777,5388
5778,5389
5779,5390
5780,5391
5781,5392
5783,5394
5784,5395
5785,5396
5786,5397
5787,5398
5788,5399
5789,5400
5790,5401
5791,5402
5792,5403
5793,5404
5794,5405
5795,5406
5796,5407
5797,5408
5798,5409
5799,5410
5800,5411
5801,5412
5802,5413
5803,5414
5804,5415
5805,5416
5806,5417
5807,5418
5808,5419
5809,5420
5810,5421
5811,5422
5812,5423
5813,5424
5814,5425
5815,5426
5816,5427
5817,5428
5818,5429
5820,5430
5821,5431
5823,5432
5824,5433
5825,5434
5826,5435
5827,5436
5828,5437
5829,5438
5830,5439
5831,5440
5832,5441
5833,5442
5834,5443
5835,5444
5836,5445
5837,5446
5838,5447
5840,5448
5841,5449
5842,5450
5843,5451
5844,5452
5845,5453
5846,5454
5847,5455
5848,5456
5849,5457
5850,5458
5851,5459
5852,5460
5853,5461
5854,5462
5855,5463
5857,5465
5858,5466
5859,5467
5860,5468
5861,5469
5862,5470
5863,5471
5864,5472
5865,5473
5866,5474
5867,5475
5868,5476
5869,5477
5870,5478
5871,5479
5872,5480
5873,5481
5874,5482
5875,5483
5876,5484
5877,5485
5878,5486
5879,5487
5880,5488
5881,5489
5882,5490
5883,5491
5884,5492
5885,5493
5886,5494
5887,5495
5888,5496
5890,5497
5891,5498
5892,5499
5893,5500
5894,5501
5895,5502
5896,5503
5897,5504
5898,5505
5899,5506
5900,5507
5901,5508
5902,5509
5903,5510
5904,5511
5905,5512
5906,5513
5907,5514
5908,5515
5909,5516
5910,5517
5911,5518
5912,5519
5913,5520
5914,5521
5915,5522
5917,5523
5918,5524
5919,5525
5920,5526
5921,5527
5922,5528
5923,5529
5924,5530
5925,5531
5926,5532
5927,5533
5928,5534
5929,5535
5930,5536
5931,5537
5932,5538
5933,5539
5934,5540
5935,5541
5936,5542
5937,5543
5938,5544
5939,5545
5940,5546
5941,5547
5942,5548
5943,5549
5944,5550
5945,5551
5946,5552
5947,5553
5948,5554
5949,5555
5950,5556
5951,5557
5952,5558
5953,5559
5954,5560
5955,5561
5956,5562
5957,5563
5958,5564
5959,5565
5960,5566
5961,5567
5962,5568
5963,5569
5964,5570
5966,5572
5967,5573
5968,5574
5969,5575
5970,5576
5971,5577
5972,5578
5973,5579
5974,5580
5975,5581
5976,5582
5977,5583
5979,5584
5980,5585
5982,5586
5983,5587
5984,5588
5985,5589
5986,5590
5987,5591
5988,5592
5989,5593
5990,5594
5991,5595
5992,5596
5993,5597
5994,5598
5995,5599
5996,5600
5997,5601
5999,5602
6000,5603
6001,5604
6003,5605
6004,5606
6005,5607
6006,5608
6007,5609
6008,5610
6009,5611
6010,5612
6011,5613
6012,5614
6013,5615
6014,5616
6015,5617
6016,5618
6017,5619
6018,5620
6019,5621
6020,5622
6021,5623
6022,5624
6023,5625
6024,5626
6025,5627
6026,5628
6028,5629
6029,5630
6032,5633
6033,5634
6034,5635
6035,5636
6036,5637
6037,5638
6038,5639
6039,5640
6042,5642
6043,5643
6044,5644
6045,5645
6046,5646
6047,5647
6048,5648
6049,5649
6050,5650
6051,5651
6052,5652
6053,5653
6054,5654
6055,5655
6056,5656
6057,5657
6058,5658
6059,5659
6061,5660
6062,5661
6063,5662
6064,5663
6065,5664
6066,5665
6067,5666
6068,5667
6069,5668
6070,5669
6071,5670
6072,5671
6073,5672
6074,5673
6075,5674
6076,5675
6077,5676
6078,5677
6079,5678
6080,5679
6081,5680
6082,5681
6083,5682
6084,5683
6085,5684
6086,5685
6087,5686
6089,5688
6090,5689
6091,5690
6092,5691
6093,5692
6094,5693
6095,5694
6096,5695
6097,5696
6098,5697
6099,5698
6101,5699
6103,5700
6104,5701
6105,5702
6106,5703
6107,5704
6108,5705
6109,5706
6110,5707
6111,5708
6112,5709
6113,5710
6114,5711
6115,5712
6116,5713
6117,5714
6118,5715
6119,5716
6120,5717
6121,5718
6122,5719
6123,5720
6124,5721
6125,5722
6126,5723
6127,5724
6129,5726
6130,5727
6131,5728
6132,5729
6133,5730
6134,5731
6135,5732
6136,5733
6137,5734
6138,5735
6139,5736
6140,5737
6141,5738
6142,5739
6143,5740
6145,5742
6146,5743
6147,5744
6148,5745
6149,5746
6150,5747
6151,5748
6152,5749
6154,5751
6155,5752
6156,5753
6157,5754
6158,5755
6159,5756
6160,5757
6161,5758
6162,5759
6163,5760
6164,5761
6165,5762
6166,5763
6167,5764
6168,5765
6169,5766
6170,5767
6171,5768
6172,5769
6173,5770
6174,5771
6175,5772
6176,5773
6177,5774
6178,5775
6179,5776
6180,5777
6181,5778
6182,5779
6183,5780
6184,5781
6185,5782
6188,5783
6189,5784
6190,5785
6191,5786
6192,5787
6193,5788
6195,5789
6196,5790
6197,5791
6198,5792
6200,5793
6201,5794
6202,5795
6203,5796
6204,5797
6205,5798
6206,5799
6207,5800
6208,5801
6209,5802
6210,5803
6211,5804
6212,5805
6213,5806
6214,5807
6215,5808
6216,5809
6217,5810
6218,5811
6219,5812
6220,5813
6221,5814
6222,5815
6223,5816
6224,5817
6225,5818
6226,5819
6227,5820
6228,5821
6229,5822
6230,5823
6232,5824
6233,5825
6234,5826
6235,5827
6236,5828
6237,5829
6238,5830
6239,5831
6240,5832
6241,5833
6242,5834
6243,5835
6244,5836
6245,5837
6246,5838
6248,5840
6249,5841
6250,5842
6251,5843
6252,5844
6253,5845
6254,5846
6255,5847
6257,5849
6259,5850
6260,5851
6261,5852
6262,5853
6263,5854
6264,5855
6265,5856
6266,5857
6267,5858
6268,5859
6269,5860
6271,5862
6272,5863
6273,5864
6274,5865
6275,5866
6276,5867
6277,5868
6278,5869
6279,5870
6281,5872
6283,5874
6285,5876
6286,5877
6287,5878
6288,5879
6289,5880
6290,5881
6291,5882
6292,5883
6293,5884
6294,5885
6295,5886
6296,5887
6297,5888
6298,5889
6299,5890
6300,5891
6301,5892
6302,5893
6303,5894
6304,5895
6305,5896
6306,5897
6307,5898
6308,5899
6309,5900
6310,5901
6311,5902
6313,5903
6314,5904
6315,5905
6316,5906
6317,5907
6318,5908
6319,5909
6320,5910
6321,5911
6322,5912
6323,5913
6324,5914
6325,5915
6326,5916
6327,5917
6328,5918
6329,5919
6330,5920
6331,5921
6332,5922
6333,5923
6334,5924
6335,5925
6336,5926
6337,5927
6338,5928
6339,5929
6340,5930
6341,5931
6342,5932
6343,5933
6344,5934
6345,5935
6346,5936
6347,5937
6348,5938
6349,5939
6350,5940
6351,5941
6352,5942
6353,5943
6354,5944
6355,5945
6356,5946
6357,5947
6358,5948
6359,5949
6360,5950
6361,5951
6362,5952
6363,5953
6364,5954
6365,5955
6367,5957
6368,5958
6369,5959
6370,5960
6371,5961
6372,5962
6373,5963
6374,5964
6375,5965
6376,5966
6377,5967
6379,5969
6380,5970
6381,5971
6382,5972
6383,5973
6384,5974
6385,5975
6386,5976
6387,5977
6388,5978
6389,5979
6390,5980
6391,5981
6392,5982
6393,5983
6394,5984
6396,5985
6397,5986
6398,5987
6399,5988
6400,5989
6401,5990
6402,5991
6403,5992
6404,5993
6405,5994
6406,5995
6407,5996
6408,5997
6409,5998
6410,5999
6411,6000
6413,6001
6414,6002
6415,6003
6416,6004
6417,6005
6418,6006
6419,6007
6420,6008
6421,6009
6422,6010
6423,6011
6424,6012
6425,6013
6426,6014
6427,6015
6428,6016
6429,6017
6430,6018
6431,6019
6432,6020
6433,6021
6434,6022
6436,6023
6437,6024
6438,6025
6439,6026
6440,6027
6441,6028
6442,6029
6443,6030
6445,6031
6446,6032
6447,6033
6448,6034
6449,6035
6450,6036
6451,6037
6452,6038
6453,6039
6454,6040
6455,6041
6456,6042
6457,6043
6458,6044
6459,6045
6460,6046
6461,6047
6462,6048
6463,6049
6464,6050
6465,6051
6466,6052
6467,6053
6468,6054
6469,6055
6470,6056
6471,6057
6472,6058
6473,6059
6474,6060
6475,6061
6476,6062
6477,6063
6478,6064
6480,6065
6481,6066
6482,6067
6483,6068
6484,6069
6485,6070
6486,6071
6488,6072
6489,6073
6490,6074
6491,6075
6492,6076
6493,6077
6494,6078
6495,6079
6496,6080
6497,6081
6498,6082
6499,6083
6500,6084
6501,6085
6502,6086
6503,6087
6504,6088
6505,6089
6506,6090
6507,6091
6508,6092
6510,6093
6511,6094
6512,6095
6513,6096
6514,6097
6515,6098
6516,6099
6517,6100
6518,6101
6519,6102
6520,6103
6521,6104
6522,6105
6523,6106
6524,6107
6525,6108
6526,6109
6527,6110
6528,6111
6529,6112
6530,6113
6531,6114
6532,6115
6534,6116
6535,6117
6536,6118
6537,6119
6538,6120
6539,6121
6540,6122
6541,6123
6542,6124
6543,6125
6544,6126
6545,6127
6546,6128
6547,6129
6548,6130
6549,6131
6550,6132
6551,6133
6553,6134
6554,6135
6555,6136
6556,6137
6557,6138
6558,6139
6559,6140
6560,6141
6561,6142
6563,6143
6564,6144
6566,6145
6567,6146
6568,6147
6569,6148
6570,6149
6571,6150
6572,6151
6573,6152
6574,6153
6575,6154
6576,6155
6577,6156
6578,6157
6579,6158
6580,6159
6581,6160
6582,6161
6583,6162
6584,6163
6585,6164
6586,6165
6587,6166
6589,6167
6590,6168
6591,6169
6592,6170
6593,6171
6594,6172
6595,6173
6596,6174
6597,6175
6598,6176
6599,6177
6600,6178
6601,6179
6602,6180
6604,6181
6605,6182
6606,6183
6608,6184
6609,6185
6610,6186
6611,6187
6612,6188
6613,6189
6614,6190
6615,6191
6616,6192
6617,6193
6618,6194
6619,6195
6620,6196
6621,6197
6622,6198
6623,6199
6624,6200
6625,6201
6627,6202
6628,6203
6629,6204
6630,6205
6631,6206
6632,6207
6633,6208
6634,6209
6635,6210
6636,6211
6637,6212
6638,6213
6639,6214
6640,6215
6641,6216
6642,6217
6643,6218
6644,6219
6645,6220
6646,6221
6647,6222
6648,6223
6649,6224
6650,6225
6651,6226
6652,6227
6653,6228
6654,6229
6655,6230
6657,6232
6658,6233
6659,6234
6660,6235
6661,6236
6662,6237
6663,6238
6665,6240
6666,6241
6667,6242
6668,6243
6669,6244
6670,6245
6671,6246
6672,6247
6673,6248
6674,6249
6675,6250
6676,6251
6677,6252
6678,6253
6679,6254
6680,6255
6681,6256
6682,6257
6683,6258
6684,6259
6685,6260
6686,6261
6687,6262
6688,6263
6689,6264
6690,6265
6691,6266
6692,6267
6693,6268
6694,6269
6695,6270
6696,6271
6697,6272
6698,6273
6699,6274
6700,6275
6701,6276
6702,6277
6703,6278
6704,6279
6705,6280
6706,6281
6707,6282
6708,6283
6709,6284
6710,6285
6711,6286
6713,6287
6714,6288
6715,6289
6716,6290
6717,6291
6718,6292
6719,6293
6720,6294
6721,6295
6723,6296
6724,6297
6725,6298
6727,6299
6728,6300
6729,6301
6730,6302
6731,6303
6732,6304
6733,6305
6734,6306
6735,6307
6736,6308
6737,6309
6738,6310
6739,6311
6740,6312
6741,6313
6742,6314
6743,6315
6744,6316
6745,6317
6746,6318
6747,6319
6748,6320
6750,6322
6751,6323
6752,6324
6753,6325
6754,6326
6756,6327
6757,6328
6758,6329
6759,6330
6760,6331
6761,6332
6762,6333
6764,6335
6765,6336
6766,6337
6767,6338
6768,6339
6770,6340
6771,6341
6772,6342
6773,6343
6774,6344
6775,6345
6776,6346
6778,6347
6779,6348
6780,6349
6781,6350
6782,6351
6783,6352
6784,6353
6785,6354
6787,6355
6788,6356
6789,6357
6790,6358
6791,6359
6792,6360
6793,6361
6794,6362
6795,6363
6796,6364
6799,6365
6800,6366
6801,6367
6802,6368
6803,6369
6805,6371
6806,6372
6807,6373
6808,6374
6809,6375
6810,6376
6811,6377
6812,6378
6813,6379
6814,6380
6815,6381
6816,6382
6817,6383
6818,6384
6819,6385
6820,6386
6821,6387
6822,6388
6823,6389
6824,6390
6825,6391
6826,6392
6827,6393
6828,6394
6829,6395
6830,6396
6832,6397
6833,6398
6834,6399
6835,6400
6836,6401
6837,6402
6838,6403
6839,6404
6840,6405
6841,6406
6842,6407
6843,6408
6844,6409
6845,6410
6846,6411
6847,6412
6848,6413
6849,6414
6850,6415
6851,6416
6852,6417
6853,6418
6854,6419
6855,6420
6856,6421
6857,6422
6859,6424
6860,6425
6861,6426
6862,6427
6863,6428
6864,6429
6865,6430
6866,6431
6867,6432
6868,6433
6869,6434
6870,6435
6871,6436
6872,6437
6873,6438
6874,6439
6875,6440
6877,6441
6878,6442
6879,6443
6880,6444
6881,6445
6882,6446
6883,6447
6884,6448
6885,6449
6886,6450
6887,6451
6888,6452
6889,6453
6890,6454
6891,6455
6892,6456
6893,6457
6894,6458
6895,6459
6896,6460
6897,6461
6899,6463
6900,6464
6901,6465
6902,6466
6904,6468
6905,6469
6906,6470
6907,6471
6908,6472
6909,6473
6910,6474
6912,6476
6913,6477
6916,6479
6917,6480
6919,6482
6920,6483
6922,6485
6923,6486
6924,6487
6925,6488
6926,6489
6927,6490
6928,6491
6929,6492
6930,6493
6931,6494
6932,6495
6933,6496
6934,6497
6935,6498
6936,6499
6937,6500
6938,6501
6939,6502
6940,6503
6941,6504
6942,6505
6943,6506
6944,6507
6945,6508
6947,6509
6948,6510
6949,6511
6950,6512
6951,6513
6952,6514
6953,6515
6954,6516
6955,6517
6956,6518
6957,6519
6958,6520
6959,6521
6960,6522
6961,6523
6962,6524
6963,6525
6964,6526
6965,6527
6966,6528
6967,6529
6968,6530
6969,6531
6970,6532
6971,6533
6972,6534
6973,6535
6975,6536
6976,6537
6977,6538
6978,6539
6979,6540
6980,6541
6981,6542
6982,6543
6984,6544
6985,6545
6986,6546
6987,6547
6988,6548
6990,6549
6991,6550
6992,6551
6993,6552
6995,6553
6996,6554
6997,6555
6998,6556
6999,6557
7000,6558
7001,6559
7002,6560
7003,6561
7005,6562
7006,6563
7007,6564
7008,6565
7009,6566
7010,6567
7011,6568
7012,6569
7013,6570
7014,6571
7015,6572
7016,6573
7018,6575
7019,6576
7020,6577
7021,6578
7022,6579
7023,6580
7026,6581
7027,6582
7028,6583
7029,6584
7030,6585
7031,6586
7032,6587
7033,6588
7034,6589
7035,6590
7036,6591
7038,6593
7039,6594
7040,6595
7041,6596
7042,6597
7043,6598
7044,6599
7045,6600
7046,6601
7047,6602
7048,6603
7049,6604
7050,6605
7051,6606
7052,6607
7053,6608
7054,6609
7055,6610
7056,6611
7058,6612
7059,6613
7060,6614
7061,6615
7062,6616
7063,6617
7064,6618
7065,6619
7066,6620
7067,6621
7068,6622
7069,6623
7070,6624
7071,6625
7072,6626
7073,6627
7075,6628
7076,6629
7077,6630
7079,6631
7080,6632
7081,6633
7082,6634
7083,6635
7084,6636
7085,6637
7086,6638
7087,6639
7088,6640
7090,6641
7091,6642
7092,6643
7093,6644
7094,6645
7095,6646
7096,6647
7097,6648
7098,6649
7099,6650
7100,6651
7101,6652
